Workbook

Sheet Params
A1: Kite Cut — Model Parameters
A2: Blue cells are inputs (sourced figures or stated assumptions). Every other sheet computes from these — change a blue cell and everything downstream recalculates.
A4: Name | B4: Value | C4: Description
A5: height_in | B5: 36 | C5: Kite height (in) — shop's own design choice
A6: width_in | B6: 36 | C6: Kite width (in) — shop's own design choice
A7: crossing_pct_a | B7: 0.5 | C7: Option A crossing point, % of height from nose
A8: crossing_pct_b | B8: 0.19 | C8: Option B crossing point, % of height from nose [S3]
A9: fabric_price_per_yd | B9: 7.95 | C9: Ripstop nylon, USD/yard [S5]
A10: fabric_roll_width_in | B10: 60 | C10: Ripstop nylon roll width, in [S5]
A11: rod_price_usd | B11: 3.75 | C11: Fiberglass rod (0.125in, 48in), USD/rod [S2]
A12: rods_per_kite | B12: 2 | C12: Rods per kite (spine + spreader), both options
A13: run_size | B13: 250 | C13: Production run size, kites
A14: tail_len_mult | B14: 4 | C14: MA1 — tail length as multiple of height
A15: tail_width_in | B15: 4 | C15: MA2 — tail strip width, in
A16: b_layout_waste_mult | B16: 2 | C16: MA3 — Option B fabric use as multiple of raw sail area

Sheet Frame Geometry
A1: Appendix A/C — Frame Geometry, Classification & Area (D1, D2)
B3: Option A — True Diamond | C3: Option B — Eddy Flyer
A4: Overall height (in) | B4: =Params!$B$5 -> 36 | C4: =Params!$B$5 -> 36
A5: Overall width (in) | B5: =Params!$B$6 -> 36 | C5: =Params!$B$6 -> 36
A6: Crossing point from nose (in) | B6: =Params!$B$5*Params!$B$7 -> 18 | C6: =Params!$B$5*Params!$B$8 -> 6.84
A7: Spine segment below crossing (in) | B7: =Params!$B$5-B6 -> 18 | C7: =Params!$B$5-C6 -> 29.16
A8: Spreader half-width (in) | B8: =Params!$B$6/2 -> 18 | C8: =Params!$B$6/2 -> 18
A9: Side length, upper pair (in) | B9: =SQRT(B6^2+B8^2) -> 25.455844 | C9: =SQRT(C6^2+C8^2) -> 19.255794
A10: Side length, lower pair (in) | B10: =SQRT(B7^2+B8^2) -> 25.455844 | C10: =SQRT(C7^2+C8^2) -> 34.268143
A11: All four sides equal? (Rhombus test) | B11: =IF(ROUND(B9,4)=ROUND(B10,4),"YES — Rhombus","NO") -> YES — Rhombus | C11: =IF(ROUND(C9,4)=ROUND(C10,4),"YES — Rhombus","NO — Kite (two unequal pairs)") -> NO — Kite (two unequal pairs)
A12: Sail area, diagonals formula (sq in) — D2 | B12: =Params!$B$5*Params!$B$6/2 -> 648 | C12: =Params!$B$5*Params!$B$6/2 -> 648
A13: Areas equal? (the D2 'aha') | B13: =IF(ROUND(B12,4)=ROUND(C12,4),"YES — identical","NO") -> YES — identical

Sheet Cutting Layout
A1: Appendix C — Production Cutting Layouts (D3, D4)
B3: Option A — True Diamond | C3: Option B — Eddy Flyer
A4: Sail fabric per kite (sq in) | B4: ='Frame Geometry'!$B$12 -> 648 | C4: ='Frame Geometry'!$B$12*Params!$B$16 -> 1296
A5: Cutting-layout note | B5: Zero-waste Parallelogram pairing (D3) — provable, not an assumption | C5: Individually boxed in a 36x36in bounding square (MA3, Appendix E)
A6: Tail length (in) | B6: =Params!$B$14*Params!$B$5 -> 144 | C6: 0 — tailless [S3][S4]
A7: Tail width (in) | B7: =Params!$B$15 -> 4 | C7: 0
A8: Tail area (sq in) | B8: =B6*B7 -> 576 | C8: 0
A9: Total fabric per kite (sq in) | B9: =B4+B8 -> 1224 | C9: =C4 -> 1296
A10: Fabric price per sq in (USD) | B10: =Params!$B$9/(36*Params!$B$10) -> 0.0036805556 | C10: =Params!$B$9/(36*Params!$B$10) -> 0.0036805556
A11: Fabric cost per kite (USD) | B11: =B9*B10 -> 4.505 | C11: =C9*C10 -> 4.77
A12: Roll yards needed, full run (yd) | B12: =B9*Params!$B$13/(36*Params!$B$10) -> 141.66667 | C12: =C9*Params!$B$13/(36*Params!$B$10) -> 150

Sheet Cost Takeoff
A1: Appendix D — Material Cost Takeoff (D5)
B3: Option A — True Diamond | C3: Option B — Eddy Flyer
A4: Fabric cost per kite (USD) | B4: ='Cutting Layout'!B11 -> 4.505 | C4: ='Cutting Layout'!C11 -> 4.77
A5: Spar (dowel) cost per kite (USD) | B5: =Params!$B$12*Params!$B$11 -> 7.5 | C5: =Params!$B$12*Params!$B$11 -> 7.5
A6: Total material cost per kite (USD) | B6: =B4+B5 -> 12.005 | C6: =C4+C5 -> 12.27
A7: Production run size (kites) | B7: =Params!$B$13 -> 250 | C7: =Params!$B$13 -> 250
A8: Total material cost, full run (USD) | B8: =B6*B7 -> 3001.25 | C8: =C6*C7 -> 3067.5
A10: Cheaper option per kite | B10: =IF(B6<C6,"A — True Diamond","B — Eddy Flyer") -> A — True Diamond
A11: Margin, % (winner vs. loser) | B11: =ABS(B6-C6)/MAX(B6,C6) -> 0.021597392

Sheet Modeling Assumptions
A1: Appendix E — Modeling Assumptions (not sourced — stated, with basis + sensitivity)
A3: # | B3: Assumption | C3: Value used | D3: Basis | E3: Sensitivity
A4: MA1 | B4: Tail length for Option A, as a multiple of kite height | C4: 4x height = 144 in (12 ft) | D4: Kite-making guidance suggests 3-4x the kite's height as a starting point [S6][S7]. No fixed industry ratio exists. | E4: Scales Option A's tail cost linearly; not independently decisive (see MA3).
A5: MA2 | B5: Tail strip width | C5: 4 in | D5: No public standard exists for a giveaway kite's tail width; a common craft strip width. | E5: Scales Option A's tail cost linearly, same as MA1.
A6: MA3 | B6: Cutting-layout efficiency, Option B | C6: 2x raw sail area (individually boxed) | D6: The zero-waste Parallelogram pairing (D3) relies on the Rhombus's point symmetry, which the off-center Kite lacks. | E6: The case's most sensitive assumption — see sensitivity_model.py's flip-point search (~1.89x).

Sheet Sources
A1: Appendix F — Sources
A3: id | B3: Claim | C3: Value | D3: Org / Title | E3: URL | F3: Accessed | G3: Confidence
A4: S1 | B4: Typical diamond-kite height | C4: < 1 m / 3 ft, most kites | D4: Wikipedia — Diamond kite | E4: https://en.wikipedia.org/wiki/Diamond_kite | F4: 2026-09-09 | G4: MEDIUM
A5: S2 | B5: 0.125in fiberglass rod price/length | C5: $3.75 per 48in rod | D5: Fly Market Kitemaking Supply | E5: https://www.flymarketkites.com/fiberglass-tubes/125-solid-fiberglass-rod | F5: 2026-09-09 | G5: MEDIUM
A6: S3 | B6: Eddy kite crossing point | C6: 19% from nose | D6: my-best-kite.com — The Eddy Kite | E6: https://www.my-best-kite.com/eddy-kite.html | F6: 2026-09-09 | G6: MEDIUM
A7: S4 | B7: Diamond kites need a tail; Eddy kites don't | C7: (qualitative) | D7: Into The Wind Kites — Diamond Kites | E7: https://intothewind.com/kites/diamond-kites.html | F7: 2026-09-09 | G7: HIGH
A8: S5 | B8: Ripstop nylon price & roll width | C8: $7.95/yd, 60in wide | D8: Emmakites — 40D Ripstop Nylon | E8: https://www.emmakites.com/products/40d-ripstop-nylon-fabric-pu-coating-by-the-yard | F8: 2026-09-09 | G8: HIGH
A9: S6 | B9: Kite tail length guidance | C9: 3-4x kite height | D9: Kites In The Sky — Does Your Kite Need A Tail? | E9: https://kitekits.com/blogs/kites-in-the-sky-blog/114240899-does-your-kite-need-a-tail | F9: 2026-09-09 | G9: MEDIUM
A10: S7 | B10: Kite tail length guidance (corroborating) | C10: several x height | D10: KiteSoar.com — Using Kite Tails for Stability | E10: https://www.kitesoar.com/articles/03-using-kite-tails-for-stability.shtml | F10: 2026-09-09 | G10: MEDIUM
